Data Source,World Development Indicators,,,,,,,,,,,,,,,,,,,,,,,,,,,,,,,,,,,,,
,,,,,,,,,,,,,,,,,,,,,,,,,,,,,,,,,,,,,,
Last Updated Date,07/10/2025,,,,,,,,,,,,,,,,,,,,,,,,,,,,,,,,,,,,,
,,,,,,,,,,,,,,,,,,,,,,,,,,,,,,,,,,,,,,
Country Name,Country Code,Indicator Name,Indicator Code,1990,1991,1992,1993,1994,1995,1996,1997,1998,1999,2000,2001,2002,2003,2004,2005,2006,2007,2008,2009,2010,2011,2012,2013,2014,2015,2016,2017,2018,2019,2020,2021,2022,2023,2024
Aruba,ABW,"Access to electricity, rural (% of rural population)",EG.ELC.ACCS.RU.ZS,100,98.37377416,98.42825975,98.5017492,100,100,100,100,100,100,100,100,100,100,100,100,100,100,100,100,100,100,100,100,100,100,100,100,100,100,100,100,100,100,
Africa Eastern and Southern,AFE,"Access to electricity, rural (% of rural population)",EG.ELC.ACCS.RU.ZS,,,,,,,,,,,8.623663331,,,9.785571044,10.94222202,10.44073413,12.5627246,12.51407764,12.98113799,15.54905718,14.54125347,16.15896073,19.44286006,18.77507389,17.67294325,16.52755403,24.62775346,25.43209225,27.06192885,29.15428173,31.02208287,32.80913843,33.7839605,35.37521585,
Afghanistan,AFG,"Access to electricity, rural (% of rural population)",EG.ELC.ACCS.RU.ZS,,,,,,,,,,,,,,2.1,7.8,15.4,19.3,25,28,36.7,30.2,29.6,60.8,60.2,86.5,64.6,97.1,97.1,91.6,97.1,97.1,97.1,81.7,81.4,
Africa Western and Central,AFW,"Access to electricity, rural (% of rural population)",EG.ELC.ACCS.RU.ZS,,,,12.15962657,12.47498631,12.88769147,12.72969146,15.12759244,14.33700519,18.02996162,16.74265,16.2219903,15.83963081,21.50774721,17.33013114,17.60888758,18.23159074,17.84832835,19.6054526,18.89479218,20.52299247,22.24621239,19.19439075,23.39405529,22.47513229,22.82038681,27.43181893,22.90207606,28.23931961,26.3549182,24.74229821,25.90441599,25.35726706,29.46281444,
Angola,AGO,"Access to electricity, rural (% of rural population)",EG.ELC.ACCS.RU.ZS,,,,,,,,,,,3.5,9.5,2.8,2.3,1.7,1,0.7,,6.6,,,,,,,3.8,,,7.3,,,,,,
Albania,ALB,"Access to electricity, rural (% of rural population)",EG.ELC.ACCS.RU.ZS,100,100,100,100,100,100,100,100,100,100,100,100,100,100,100,100,100,100,100,100,100,100,99.9,99.8,99.9,100,99.7,99.7,100,100,100,100,100,100,
Andorra,AND,"Access to electricity, rural (% of rural population)",EG.ELC.ACCS.RU.ZS,100,100,100,100,100,100,100,100,100,100,100,100,100,100,100,100,100,100,100,100,100,100,100,100,100,100,100,100,100,100,100,100,100,100,
Arab World,ARB,"Access to electricity, rural (% of rural population)",EG.ELC.ACCS.RU.ZS,,,53.93788442,56.14576761,57.40537511,57.12287804,59.45195729,60.28158392,61.73801494,62.71339285,68.74745226,70.37441833,69.97341968,71.81025475,68.1104543,69.7550507,73.39513809,70.00837784,69.80263841,70.77483335,74.48411032,74.75968218,73.85407079,79.75034805,78.34740829,79.03383364,79.95479312,82.65319547,83.49561011,83.92482739,81.95572672,82.25547549,82.36203188,83.97661665,
United Arab Emirates,ARE,"Access to electricity, rural (% of rural population)",EG.ELC.ACCS.RU.ZS,100,100,100,100,100,100,100,100,100,100,100,100,100,100,100,100,100,100,100,100,100,100,100,100,100,100,100,100,100,100,100,100,100,100,
Argentina,ARG,"Access to electricity, rural (% of rural population)",EG.ELC.ACCS.RU.ZS,78.89458832,79.25427097,79.77863509,80.33370066,80.93588634,81.60809342,82.36987684,83.24706202,84.26384069,85.43186463,91.8,88.6,92.6,92.9,93.2,93.4,93.6,93.8,94,94.2,98.6,97.8,96.1,95.4,100,97.6,99.3,100,99.9,100,100,100,100,100,
Armenia,ARM,"Access to electricity, rural (% of rural population)",EG.ELC.ACCS.RU.ZS,,,,,,,,,,,98.5,100,95.8,98.9,98.9,99.6,98.9,98.9,98.9,99,100,99.3,99.2,99.4,99.8,100,99.8,99.5,99.9,100,100,100,100,100,
American Samoa,ASM,"Access to electricity, rural (% of rural population)",EG.ELC.ACCS.RU.ZS,,,,,,,,,,,,,,,,,,,,,,,,,,,,,,,,,,,
Antigua and Barbuda,ATG,"Access to electricity, rural (% of rural population)",EG.ELC.ACCS.RU.ZS,93.43863479,93.70986522,94.0200279,94.3252592,94.62488355,94.91785189,95.2032694,95.48025559,95.74795828,96.00552515,96.6,96.7,100,97,97.1,100,100,100,100,98,98.2,92.7,100,100,100,100,100,100,100,100,100,100,100,100,
Australia,AUS,"Access to electricity, rural (% of rural population)",EG.ELC.ACCS.RU.ZS,100,100,100,100,100,100,100,100,100,100,100,100,100,100,100,100,100,100,100,100,100,100,100,100,100,100,100,100,100,100,100,100,100,100,
Austria,AUT,"Access to electricity, rural (% of rural population)",EG.ELC.ACCS.RU.ZS,100,100,100,100,100,100,100,100,100,100,100,100,100,100,100,100,100,100,100,100,100,100,100,100,100,100,100,100,100,100,100,100,100,100,
Azerbaijan,AZE,"Access to electricity, rural (% of rural population)",EG.ELC.ACCS.RU.ZS,,,,,,,,,,,98.1,97.6,100,98.1,98.4,98.6,99.2,99.2,99.5,99.9,99.9,99.9,100,100,100,100,100,100,100,100,100,100,100,100,
Burundi,BDI,"Access to electricity, rural (% of rural population)",EG.ELC.ACCS.RU.ZS,,,,,,,,,,,,,,,,,,,0.9,,,,,1,1,1.2,1.5,1.7,2,2,0.9,1.6,1.6,2.3,
Belgium,BEL,"Access to electricity, rural (% of rural population)",EG.ELC.ACCS.RU.ZS,100,100,100,100,100,100,100,100,100,100,100,100,100,100,100,100,100,100,100,100,100,100,100,100,100,100,100,100,100,100,100,100,100,100,
Benin,BEN,"Access to electricity, rural (% of rural population)",EG.ELC.ACCS.RU.ZS,,,,,,,2.777057832,2.951533864,3.770841554,4.592487065,5.4,4.4,6.8,7.4,7.9,8.5,7.9,9.7,10.3,10.9,10.6,13.6,14.6,13.4,16.2,11.1,15.2,17.2,16.3,16.9,17.4,18,45.5,43.7,
Burkina Faso,BFA,"Access to electricity, rural (% of rural population)",EG.ELC.ACCS.RU.ZS,,,,2.1188632,1.35751354,1.631875988,1.897430502,2.07642889,2.171453482,,2.3,2.2,2.1,1.2,1.8,1.6,1.4,1.2,1.2,2.6,1.5,1.9,1.5,1,4.7,,,,,,,,3.4,2,
Bangladesh,BGD,"Access to electricity, rural (% of rural population)",EG.ELC.ACCS.RU.ZS,,3.17101853,,,2.238844849,3.734337548,6.693304209,5.881475742,12.65507279,15.65812859,16.8,21.5,24.3,27.1,27.9,30.2,40.2,32.5,41.7,44.7,40,45.7,53.8,48.6,48.1,63.8,66.1,81.6,81.3,88.9,95.2,98.5,99.2,99.6,
Bulgaria,BGR,"Access to electricity, rural (% of rural population)",EG.ELC.ACCS.RU.ZS,100,100,100,100,100,100,100,100,100,100,77.8,78.6,79.5,80.3,81.2,82,82.9,83.8,84.7,85.6,86.6,87.5,88.4,89.4,90.7,92.3,94.2,96,97.4,98.4,99.4,99.5,99.6,100,
Bahrain,BHR,"Access to electricity, rural (% of rural population)",EG.ELC.ACCS.RU.ZS,99.50588706,99.72060593,99.88952357,99.97534657,99.99802825,100,100,100,100,100,100,100,100,100,100,100,100,100,100,100,100,100,100,100,100,100,100,100,100,100,100,100,100,100,
"Bahamas, The",BHS,"Access to electricity, rural (% of rural population)",EG.ELC.ACCS.RU.ZS,100,100,100,100,100,100,100,100,100,100,100,100,100,100,100,100,100,100,100,100,100,100,100,100,100,100,100,100,100,100,100,100,100,100,
Bosnia and Herzegovina,BIH,"Access to electricity, rural (% of rural population)",EG.ELC.ACCS.RU.ZS,100,100,100,100,100,100,100,100,100,100,98.9,99.6,97.9,98.9,98.9,98.9,99.1,99.8,99,99,99.1,99.7,99.5,99.1,99.9,99.4,100,100,100,100,100,100,100,100,
Belarus,BLR,"Access to electricity, rural (% of rural population)",EG.ELC.ACCS.RU.ZS,100,100,100,100,100,100,100,100,100,100,79.4,80.2,81,81.8,82.6,83.3,84.2,85,85.9,86.8,87.7,88.7,89.7,90.7,91.9,93.1,94.7,96.6,98.2,100,100,100,100,100,
Belize,BLZ,"Access to electricity, rural (% of rural population)",EG.ELC.ACCS.RU.ZS,,42.79484025,52.5183057,54.20995042,55.89249978,57.56851575,59.23781746,60.90264985,62.56307821,64.2206404,65.7,67.5,68.9,70.3,71.7,73.1,85.1,76,77.5,78.9,84.1,87.9,85.7,85.9,86.4,87.6,89.4,90.9,86.5,87.8,95.5,97.1,97.1,99.4,
Bermuda,BMU,"Access to electricity, rural (% of rural population)",EG.ELC.ACCS.RU.ZS,100,100,100,100,100,100,100,100,100,100,100,100,100,100,100,100,100,100,100,100,100,100,100,100,100,100,100,100,100,100,100,100,100,100,
Bolivia,BOL,"Access to electricity, rural (% of rural population)",EG.ELC.ACCS.RU.ZS,,,13.21458221,13.37251695,23.16792885,20.26169604,32.95676143,24.22403726,32.67827709,28.37385189,28.2,28,22.5,35,40.3,29.5,41.6,46.5,57,63.3,66.4,66.6,72.2,68.5,70.3,74.3,74.9,74.8,77.6,84.9,90.9,95.1,95.6,99.6,
Brazil,BRA,"Access to electricity, rural (% of rural population)",EG.ELC.ACCS.RU.ZS,58.94843202,68.14102305,62.01330143,64.30439787,69.52603034,67.94611429,71.04176396,71.83858403,74.68870522,76.50735511,74.6,81.9,84.1,85.3,83.5,84.8,87.2,89.8,91.9,93.6,92.1,96.2,97.2,97.5,97.9,98.2,98.5,99.2,98.4,98.5,98.7,97.3,97.3,99,
Barbados,BRB,"Access to electricity, rural (% of rural population)",EG.ELC.ACCS.RU.ZS,99.97485695,99.98958425,99.99792879,100,100,100,100,100,100,100,100,100,100,100,100,99.9,100,100,100,100,100,100,100,100,100,100,100,100,100,100,100,100,100,100,
Brunei Darussalam,BRN,"Access to electricity, rural (% of rural population)",EG.ELC.ACCS.RU.ZS,100,100,100,100,100,100,100,100,100,100,100,100,100,100,100,100,100,100,100,100,100,100,100,100,100,100,100,100,100,100,100,100,100,100,
Bhutan,BTN,"Access to electricity, rural (% of rural population)",EG.ELC.ACCS.RU.ZS,,,,,,,,,,,8.8,19.8,23.9,18.5,32.5,43.2,42,58.9,52.3,57.7,59.4,72.1,86.9,80.3,86.4,92.6,99,96.8,99.9,100,100,100,100,100,
Botswana,BWA,"Access to electricity, rural (% of rural population)",EG.ELC.ACCS.RU.ZS,,3.973637411,1.632298039,3.258356957,4.85342418,6.418931343,7.955532744,9.465558487,10.94909209,12.40670464,12.1,10.4,6.4,16.4,17.9,19.3,20.7,21.3,21.6,16.2,25.2,25.2,25.3,25.9,26.8,26.5,28.8,31,29.1,27.9,26.2,25,25,25,
Central African Republic,CAF,"Access to electricity, rural (% of rural population)",EG.ELC.ACCS.RU.ZS,,,,,,,,,,,,0.8,0.9,1,1.1,1.2,,1.4,4.7,1.7,,,0.5,0.7,0.8,1.3,1.7,2.1,2.2,1.5,1.9,1.6,1.6,2.3,
Canada,CAN,"Access to electricity, rural (% of rural population)",EG.ELC.ACCS.RU.ZS,100,100,100,100,100,100,100,100,100,100,100,100,100,100,100,100,100,100,100,100,100,100,100,100,100,100,100,100,100,100,100,100,100,100,
Central Europe and the Baltics,CEB,"Access to electricity, rural (% of rural population)",EG.ELC.ACCS.RU.ZS,100,100,100,100,100,100,100,100,100,100,96.98353752,97.13930565,97.31200146,97.45872388,97.58247322,97.72041683,97.86139783,98.0091543,98.13769817,98.31447145,98.36136594,98.48458393,98.63809952,98.80439719,98.99453267,99.2197698,99.40840927,99.82172409,99.86342353,99.93187021,99.97480799,99.97915568,99.98356415,100,
Switzerland,CHE,"Access to electricity, rural (% of rural population)",EG.ELC.ACCS.RU.ZS,100,100,100,100,100,100,100,100,100,100,100,100,100,100,100,100,100,100,100,100,100,100,100,100,100,100,100,100,100,100,100,100,100,100,
Channel Islands,CHI,"Access to electricity, rural (% of rural population)",EG.ELC.ACCS.RU.ZS,100,100,100,100,100,100,100,100,100,100,100,100,100,100,100,100,100,100,100,100,100,100,100,100,100,100,100,100,100,100,100,100,100,100,
Chile,CHL,"Access to electricity, rural (% of rural population)",EG.ELC.ACCS.RU.ZS,59.4583103,72.65291879,71.43974434,74.06184414,74.70537471,75.41955503,74.17947298,77.1353798,82.96245563,79.35768628,86.5,82.2,83.1,92.8,85.3,86.4,96.4,88.5,89.6,97.7,98.3,97.8,100,100,100,100,100,100,100,100,100,100,100,100,
China,CHN,"Access to electricity, rural (% of rural population)",EG.ELC.ACCS.RU.ZS,,,,,,,,,,,94.9,95.4,95.7,96,96.3,96.6,96.9,97.3,97.8,98.3,99.4,99.8,99.9,100,100,100,100,100,100,100,100,100,100,100,
Cote d'Ivoire,CIV,"Access to electricity, rural (% of rural population)",EG.ELC.ACCS.RU.ZS,,,,,13.58574371,19.27596375,20.16007881,21.05255769,21.95400683,20.05882238,23.8,24.6,26.8,26.1,26.9,36.2,34.1,29.3,35.6,31,31.9,26.3,25.8,34.5,34.3,39.2,36.7,38.4,40.4,42.1,43.7,45.2,45.3,48,
Cameroon,CMR,"Access to electricity, rural (% of rural population)",EG.ELC.ACCS.RU.ZS,,6.110515351,6.919808837,7.620565808,8.315136457,9.006853224,9.695980418,10.38747337,10.17946935,11.7755709,9.2,13.9,13.8,14.3,19.5,15.4,25.8,6.4,17.1,17.7,16.1,16.8,18.3,19.5,18.8,21.2,21.8,22.4,26.3,23.6,24.2,24.8,25,26,
"Congo, Dem. Rep.",COD,"Access to electricity, rural (% of rural population)",EG.ELC.ACCS.RU.ZS,,,,,,,,,,,,,,,,,,1.8,,,,,,,,1,1,1,1,1,1,1,1,1,
"Congo, Rep.",COG,"Access to electricity, rural (% of rural population)",EG.ELC.ACCS.RU.ZS,,,,,,,,,,,5.6,6,6.4,6.8,7.2,7.2,7.9,8.2,8.6,9.2,10.7,10.5,10.6,10.4,10.7,11.1,11.6,11.8,11.8,11.4,11.8,12.4,12.4,10.8,
Colombia,COL,"Access to electricity, rural (% of rural population)",EG.ELC.ACCS.RU.ZS,71.68682124,75.84719895,76.25021082,76.67367224,77.12237008,70.85432326,78.12246899,78.69120501,79.31536641,80.00036048,83.3,94.3,82.1,82.7,83.2,88.9,84.4,85,87,83.8,86.2,85.5,87.1,90.1,89.9,91.8,92.8,92.7,92.6,97.1,98.5,100,100,94.8,
Comoros,COM,"Access to electricity, rural (% of rural population)",EG.ELC.ACCS.RU.ZS,,,,,,,19.88053977,22.43043937,25.00822043,27.58584298,30.2,32.7,33.2,37.6,40.1,42.5,45,47.5,50,52.5,63.7,63.3,63.1,62.5,65,67.6,70.1,72.6,75.1,77.6,80.1,82.9,82.9,86.1,
Cabo Verde,CPV,"Access to electricity, rural (% of rural population)",EG.ELC.ACCS.RU.ZS,,,,,,,,,,,31.8,33.9,30.7,38.3,40.6,42.5,45.4,48,50.6,53.4,65.7,67.8,69.5,71.5,73.8,76.2,78.8,81.2,84.6,87.3,92.7,96.9,96.9,96.9,
Costa Rica,CRI,"Access to electricity, rural (% of rural population)",EG.ELC.ACCS.RU.ZS,,,,,,,,,,,92.8,95.8,96.3,96.7,97.3,97.4,97.6,97.7,97.8,98.2,97.1,97.3,98.1,98.4,98.3,97.7,98.5,98.9,98.9,98.9,99.7,100,100,100,
Caribbean small states,CSS,"Access to electricity, rural (% of rural population)",EG.ELC.ACCS.RU.ZS,,,,,,,,,,,80.01210971,84.31004162,84.71470552,85.24527585,85.8176342,85.79139846,87.73228263,89.15415223,89.63665876,89.01045593,90.82476267,92.1957289,92.55610918,93.00053848,93.38133701,93.9626997,94.6478393,95.2606584,95.23688753,95.66749734,96.72115413,97.13763698,97.18501267,97.00381438,
Cuba,CUB,"Access to electricity, rural (% of rural population)",EG.ELC.ACCS.RU.ZS,,,,,,,,,,,87.8,85.3,82.4,86.5,87.1,87.7,88.4,89,89.7,90.4,91.1,91.8,92.7,93.6,94.5,95.5,96.4,97.4,98.3,99.5,99.7,100,100,100,
Curacao,CUW,"Access to electricity, rural (% of rural population)",EG.ELC.ACCS.RU.ZS,100,100,100,100,100,100,100,100,100,100,100,100,100,100,100,100,100,100,100,100,100,100,100,100,100,100,100,100,100,100,100,100,100,100,
Cayman Islands,CYM,"Access to electricity, rural (% of rural population)",EG.ELC.ACCS.RU.ZS,,,,100,100,100,100,100,100,100,100,100,100,100,100,100,100,100,100,100,100,100,100,100,100,100,100,100,100,100,100,100,100,100,
Cyprus,CYP,"Access to electricity, rural (% of rural population)",EG.ELC.ACCS.RU.ZS,100,100,100,100,100,100,100,100,100,100,100,100,100,100,100,100,100,100,100,100,100,100,100,100,100,100,100,100,100,100,100,100,100,100,
Czechia,CZE,"Access to electricity, rural (% of rural population)",EG.ELC.ACCS.RU.ZS,100,100,100,100,100,100,100,100,100,100,100,100,100,100,100,100,100,100,100,100,100,100,100,100,100,100,100,100,100,100,100,100,100,100,
Germany,DEU,"Access to electricity, rural (% of rural population)",EG.ELC.ACCS.RU.ZS,100,100,100,100,100,100,100,100,100,100,100,100,100,100,100,100,100,100,100,100,100,100,100,100,100,100,100,100,100,100,100,100,100,100,
Djibouti,DJI,"Access to electricity, rural (% of rural population)",EG.ELC.ACCS.RU.ZS,,,,,,,89.26817361,62.70422686,60.42890183,58.18762778,54,52.5,26.1,49.2,47.6,45.9,32.6,42.6,40.9,39.2,37.5,35.8,22.1,32.5,30.8,29.1,29.5,,33.6,40.3,35.8,36.6,36.6,37,
Dominica,DMA,"Access to electricity, rural (% of rural population)",EG.ELC.ACCS.RU.ZS,,,,,,,,,,,,,,,,,,,,,,,,,,,,,,,100,100,100,100,
Denmark,DNK,"Access to electricity, rural (% of rural population)",EG.ELC.ACCS.RU.ZS,100,100,100,100,100,100,100,100,100,100,100,100,100,100,100,100,100,100,100,100,100,100,100,100,100,100,100,100,100,100,100,100,100,100,
Dominican Republic,DOM,"Access to electricity, rural (% of rural population)",EG.ELC.ACCS.RU.ZS,,55.37917519,66.32198135,67.59218292,68.60342793,69.56746695,70.57480812,71.63468103,72.75155743,78.67832724,76.2,77.8,77.8,78.5,80.2,79.7,80.7,90.5,92.6,92.9,93.6,92.5,92.3,93.4,93.6,93.9,95,100,95.9,96.3,100,94.8,94.5,98.2,
Algeria,DZA,"Access to electricity, rural (% of rural population)",EG.ELC.ACCS.RU.ZS,,,,,,,,,,,97.4,97.4,97.4,97.4,97.4,97.4,97.4,97.4,97.9,97.4,97.5,97.6,97.7,97.8,97.9,98.1,98.3,98.6,98.9,98.7,99.1,99.3,99.3,100,
East Asia & Pacific (excluding high income),EAP,"Access to electricity, rural (% of rural population)",EG.ELC.ACCS.RU.ZS,,,,,,,,,,,87.16790951,88.70943445,88.41977165,88.38425856,89.76369088,88.84751026,90.56312594,90.22153085,91.1327788,91.93837492,92.80864293,93.60782556,93.90466719,94.19566158,94.37811143,94.84423352,94.81542054,96.2495992,95.98584919,96.34411637,96.01694362,96.74835021,96.45818977,97.18895208,
Early-demographic dividend,EAR,"Access to electricity, rural (% of rural population)",EG.ELC.ACCS.RU.ZS,,,,42.03240337,38.19874619,40.3950689,42.5400978,45.3599894,47.86959392,51.47484474,52.02894075,55.69339293,56.35343566,56.23331022,56.35434607,58.61860319,59.83406725,62.57604776,65.02844617,65.58463832,67.62004798,70.02926939,71.15833966,74.02319373,75.25583452,78.68747276,81.17482639,84.28980081,87.44340101,87.94618214,89.58918416,92.35129,92.37112881,92.83566474,
East Asia & Pacific,EAS,"Access to electricity, rural (% of rural population)",EG.ELC.ACCS.RU.ZS,,,,,,,,,,,87.60711991,89.08649868,88.78570894,88.73508656,90.05907869,89.15521663,90.81426565,90.47382872,91.35496337,92.13486266,92.97939811,93.75994051,94.05131116,94.33691859,94.51670209,94.97305598,94.94680583,96.345913,96.09038758,96.44065086,96.1234552,96.83615161,96.554895,97.26679386,
Europe & Central Asia (excluding high income),ECA,"Access to electricity, rural (% of rural population)",EG.ELC.ACCS.RU.ZS,,,,,,,,,,,98.54032411,98.67510877,98.8436754,98.89345451,98.86631055,99.04574568,99.01459006,99.13529963,99.14270274,99.25813311,99.31775063,99.30930229,99.44693729,99.52555492,99.61822374,99.56190234,99.77603218,99.84214783,99.90371562,99.9506364,99.97064962,99.92592508,99.98044791,100,
Europe & Central Asia,ECS,"Access to electricity, rural (% of rural population)",EG.ELC.ACCS.RU.ZS,100,100,100,100,100,99.99636501,99.90519145,99.89288259,99.89985385,99.69822204,98.48293476,98.59670231,98.70922456,98.77770867,98.81683526,98.92733342,98.96731387,99.05949424,99.11040645,99.20414455,99.51943807,99.47607066,99.60363571,99.65525532,99.71550806,99.23341195,99.83242058,99.91776791,99.94549088,99.97224202,99.98575056,99.97028676,99.99053462,100,
Ecuador,ECU,"Access to electricity, rural (% of rural population)",EG.ELC.ACCS.RU.ZS,,,,,,78.78121028,82.26858088,82.90320288,82.67790173,83.82292033,85.4,85.9,86.5,88.1,87.8,89.6,91.1,92.2,93.3,92.3,93.7,91.9,93.1,95.4,97.5,97,96.8,97.8,96.9,97.8,97.4,100,100,95.5,
"Egypt, Arab Rep.",EGY,"Access to electricity, rural (% of rural population)",EG.ELC.ACCS.RU.ZS,,,89.59532287,92.62362062,93.02430013,92.87962094,93.83281978,94.23316497,94.63453492,95.04329437,96.4,95.9,96.2,98.1,96.4,99.1,98.8,97.7,99.7,98.4,99.1,99.2,99.8,99.9,99.7,99.4,100,100,100,100,100,100,100,100,
Euro area,EMU,"Access to electricity, rural (% of rural population)",EG.ELC.ACCS.RU.ZS,100,100,100,100,100,100,100,100,100,100,100,100,100,100,100,99.99872939,99.99749354,99.99751964,99.99549917,99.99633118,99.99841642,99.99484405,100,100,100,100,100,100,100,100,100,100,100,100,
Eritrea,ERI,"Access to electricity, rural (% of rural population)",EG.ELC.ACCS.RU.ZS,,,,,,6.134915335,7.985672089,8.763993627,9.544889088,10.33211872,11.2,11.9,14,13.3,14.1,14.8,15.6,16.4,17.2,18.5,19.8,21.1,22.4,23.8,25.1,26.6,28,29.5,31,32.5,34.1,35.7,36,37.1,
Spain,ESP,"Access to electricity, rural (% of rural population)",EG.ELC.ACCS.RU.ZS,100,100,100,100,100,100,100,100,100,100,100,100,100,100,100,100,100,100,100,100,100,100,100,100,100,100,100,100,100,100,100,100,100,100,
Estonia,EST,"Access to electricity, rural (% of rural population)",EG.ELC.ACCS.RU.ZS,100,100,100,100,100,100,100,100,100,100,100,100,100,100,100,100,100,100,100,100,100,100,100,100,100,100,100,100,100,100,100,100,100,100,
Ethiopia,ETH,"Access to electricity, rural (% of rural population)",EG.ELC.ACCS.RU.ZS,,,,,,,,,,,1.7,,,1.4,3.1,0.6,6.5,8.2,9.7,11.3,12.9,9.6,16.1,17.8,12,15.5,32.4,31,32.5,36,39.4,42.8,43,43.6,
European Union,EUU,"Access to electricity, rural (% of rural population)",EG.ELC.ACCS.RU.ZS,100,100,100,100,100,100,100,100,100,100,98.99388412,99.04841672,99.10814666,99.15707017,99.19824832,99.24405966,99.29067068,99.3405897,99.38390666,99.44154173,99.45631816,99.4944917,99.54445078,99.5989691,99.66180682,99.73709819,99.80037942,99.9397346,99.95377676,99.97687994,99.99145414,99.99294536,99.99443585,100,
Fragile and conflict affected situations,FCS,"Access to electricity, rural (% of rural population)",EG.ELC.ACCS.RU.ZS,,,,,,,,,,,24.59330137,,,24.49764798,22.8352264,23.27097449,24.44326744,22.90724878,24.93016471,26.56249687,26.44837648,27.70559099,29.79083918,31.53342691,29.99555061,28.28668079,34.61652441,34.79017045,34.55929184,36.38541681,36.66682791,37.7428499,36.08502268,38.24766192,
Finland,FIN,"Access to electricity, rural (% of rural population)",EG.ELC.ACCS.RU.ZS,100,100,100,100,100,100,100,100,100,100,100,100,100,100,100,100,100,100,100,100,100,100,100,100,100,100,100,100,100,100,100,100,100,100,
Fiji,FJI,"Access to electricity, rural (% of rural population)",EG.ELC.ACCS.RU.ZS,,,,,,,47.35955845,55.72250808,57.54563629,59.39768984,62.2,63.7,67.8,68.4,68.1,69.7,71.2,83.6,75.4,76.1,87.4,87.5,87.5,85.4,88.2,88.8,89.3,95.1,92.7,94.8,96.9,86.8,86.8,98.3,
France,FRA,"Access to electricity, rural (% of rural population)",EG.ELC.ACCS.RU.ZS,100,100,100,100,100,100,100,100,100,100,100,100,100,100,100,100,100,100,100,100,100,100,100,100,100,100,100,100,100,100,100,100,100,100,
Faroe Islands,FRO,"Access to electricity, rural (% of rural population)",EG.ELC.ACCS.RU.ZS,100,100,100,100,100,100,100,100,100,100,100,100,100,100,100,100,100,100,100,100,100,100,100,100,100,100,100,100,100,100,100,100,100,100,
"Micronesia, Fed. Sts.",FSM,"Access to electricity, rural (% of rural population)",EG.ELC.ACCS.RU.ZS,,,,,,,,,,,39.1,41.6,43.4,45.3,47.1,48.9,50.8,52.7,54.6,56.5,58.8,60.7,62.5,64.2,66.1,68,69.9,71.8,73.7,75.6,77.5,79.4,79.4,83.7,
Gabon,GAB,"Access to electricity, rural (% of rural population)",EG.ELC.ACCS.RU.ZS,,,,,,,,,,,11.6,21.5,21,20.6,20.1,27.1,19.2,18.7,18.3,17.9,50,42.4,32.3,32.8,19.8,18.1,18.9,,21.3,22.8,24.7,26.8,29,29,
United Kingdom,GBR,"Access to electricity, rural (% of rural population)",EG.ELC.ACCS.RU.ZS,100,100,100,100,100,100,100,100,100,100,100,100,100,100,100,100,100,100,100,100,100,100,100,100,100,100,100,100,100,100,100,100,100,100,
Georgia,GEO,"Access to electricity, rural (% of rural population)",EG.ELC.ACCS.RU.ZS,,,,,,,,,,,99.7,99.7,99.8,100,99.9,97.5,100,100,100,100,100,100,100,100,100,100,100,100,100,100,100,100,100,100,
Ghana,GHA,"Access to electricity, rural (% of rural population)",EG.ELC.ACCS.RU.ZS,,,,2.887373993,1.581883278,3.694492606,5.840761897,8.028754036,13.28118097,12.53398511,14.9,17.4,19.8,24,24.7,7.9,31.4,32.4,36.8,37.9,55.4,42,23.6,50.8,64,57,66.6,65.3,68.3,70,73.1,74,71.6,77.8,
Gibraltar,GIB,"Access to electricity, rural (% of rural population)",EG.ELC.ACCS.RU.ZS,100,100,100,100,100,100,100,100,100,100,,,,,,,,,,100,100,,,,,100,100,100,100,100,100,100,100,100,
Guinea,GIN,"Access to electricity, rural (% of rural population)",EG.ELC.ACCS.RU.ZS,,,,,,,,,,,,,,,,,2.2,3.1,4,5,5.9,6.8,1.2,8.6,9.5,10.4,6.7,8.6,21.4,17,19.3,21.3,21.3,25.7,
"Gambia, The",GMB,"Access to electricity, rural (% of rural population)",EG.ELC.ACCS.RU.ZS,,,,2.62274542,1.865188805,3.019204228,4.161367009,5.296420959,6.423445237,7.544910643,18.8,9.8,10.8,1,13,4.5,15.3,16.5,17.7,18.8,24.3,25.1,25.9,30.3,27.8,28.9,30,20.5,,,31,31.2,31.2,35.3,
Guinea-Bissau,GNB,"Access to electricity, rural (% of rural population)",EG.ELC.ACCS.RU.ZS,,,,,,,,,,,,,,,,,2.1,,,,2.1,4,6,8,5.8,8.9,10.5,12.5,13.3,14.3,15.1,15.8,15.8,20.7,
Equatorial Guinea,GNQ,"Access to electricity, rural (% of rural population)",EG.ELC.ACCS.RU.ZS,,,,,,,,,,,36.2,34.5,32.6,30.6,28.6,26.3,24,21.5,18.9,16.2,13.8,10.1,6.8,6.2,5.5,4.8,4.1,3.5,2.9,2.4,1.8,1.4,1.4,2.4,
Greece,GRC,"Access to electricity, rural (% of rural population)",EG.ELC.ACCS.RU.ZS,100,100,100,100,100,100,100,100,100,100,100,100,100,100,100,100,100,100,100,100,100,100,100,100,100,100,100,100,100,100,100,100,100,100,
Grenada,GRD,"Access to electricity, rural (% of rural population)",EG.ELC.ACCS.RU.ZS,,,,,,,,,,,,,,,,,,,,,,,,,,,,,,,,,,,
Greenland,GRL,"Access to electricity, rural (% of rural population)",EG.ELC.ACCS.RU.ZS,100,100,100,100,100,100,100,100,100,100,100,100,100,100,100,100,100,100,100,100,100,100,100,100,100,100,100,100,100,100,100,100,100,100,
Guatemala,GTM,"Access to electricity, rural (% of rural population)",EG.ELC.ACCS.RU.ZS,,,,,,39.02955289,48.34050779,50.09598001,51.8763756,54.2124598,55,57.3,64.1,63.4,62.7,64.5,74.2,68.3,70.2,72.2,74.2,74,78.3,80.4,76.7,84.6,86.8,89.6,91.2,93.5,95.8,98.1,98.1,100,
Guam,GUM,"Access to electricity, rural (% of rural population)",EG.ELC.ACCS.RU.ZS,99.6282362,99.44346919,99.32943538,99.38166943,99.59189378,100,100,100,100,100,100,100,100,100,100,100,100,100,100,100,100,100,100,100,100,100,100,100,100,100,100,100,100,100,
Guyana,GUY,"Access to electricity, rural (% of rural population)",EG.ELC.ACCS.RU.ZS,,,,64.90338012,64.3142045,65.15760112,66.00070092,66.8438503,67.68704095,68.53023536,69.5,70.3,71,71.8,72.5,75.9,69.9,74.9,75.7,72.7,80.1,81.1,82.1,83.1,84.2,85.5,86.7,87.9,88.9,89.8,90.5,91.2,91.6,91.6,
High income,HIC,"Access to electricity, rural (% of rural population)",EG.ELC.ACCS.RU.ZS,99.46750586,99.58356525,99.55073698,99.51053233,99.51786105,99.53024644,99.51431997,99.55337755,99.60319094,99.58475004,98.64303812,98.70982802,98.77145006,98.94581076,98.88339832,98.93687522,99.07583773,99.07532445,99.1335036,99.25073719,99.5318342,99.51354955,99.62464491,99.65094279,99.69487962,99.26753342,99.7753732,99.94510357,99.95218076,99.96346196,99.90084009,99.97699529,99.97842727,99.92723321,
"Hong Kong SAR, China",HKG,"Access to electricity, rural (% of rural population)",EG.ELC.ACCS.RU.ZS,100,100,100,100,100,100,100,100,100,100,100,100,100,100,100,100,100,100,100,100,100,100,100,100,100,100,100,100,100,100,100,100,100,100,
Honduras,HND,"Access to electricity, rural (% of rural population)",EG.ELC.ACCS.RU.ZS,,31.25708705,37.01250212,38.71710237,44.52286304,45.69553731,36.95100717,41.05922064,43.51034589,44.59220639,44.9,38.3,37,38.8,40.6,43.3,46.4,49.6,54.3,57.6,61.8,63.4,66.7,73.4,76.5,79,82.1,71.8,81.9,80.3,83.4,85.7,86.8,88.8,
Heavily indebted poor countries (HIPC),HPC,"Access to electricity, rural (% of rural population)",EG.ELC.ACCS.RU.ZS,,,,,,,,,,,,,,7.267875464,7.8802816,7.554171683,10.33272023,9.895210568,11.23578198,14.13147619,14.88239825,13.73480571,17.07142287,17.82446063,19.76177105,17.83603021,25.81779799,26.21782526,27.89631266,29.12141691,29.6171297,31.15433406,30.7793998,32.14716731,
Croatia,HRV,"Access to electricity, rural (% of rural population)",EG.ELC.ACCS.RU.ZS,100,100,100,100,100,100,100,100,100,100,100,100,100,100,100,100,100,100,100,100,100,100,100,100,100,100,100,100,100,100,100,100,100,100,
Haiti,HTI,"Access to electricity, rural (% of rural population)",EG.ELC.ACCS.RU.ZS,,,,,,9.447627816,10.71795248,10.93900374,11.16047125,11.38166299,7.1,13.2,9.9,18.7,8.5,8.3,6.8,7.7,7.4,7.1,6.7,6,3.9,3.3,2.2,2.2,,2.1,1.8,1.2,,,,2.9,
Hungary,HUN,"Access to electricity, rural (% of rural population)",EG.ELC.ACCS.RU.ZS,100,100,100,100,100,100,100,100,100,100,100,100,100,100,100,100,100,100,100,100,100,100,99.9,100,100,100,100,100,100,100,100,100,100,100,
IBRD only,IBD,"Access to electricity, rural (% of rural population)",EG.ELC.ACCS.RU.ZS,,,,,,,,,,,75.20729673,76.27717186,76.52329966,77.81828281,77.84318985,79.44868935,79.67904045,81.90469744,82.88813167,83.51227386,85.16265512,86.88048598,87.07944579,88.94655076,90.12325305,91.27109689,92.62100512,94.09299361,96.00773763,96.52312672,97.16201761,99.21807514,99.07016859,99.21324048,
IDA & IBRD total,IBT,"Access to electricity, rural (% of rural population)",EG.ELC.ACCS.RU.ZS,,,,,,,,,,,63.78954945,65.75434204,66.05762872,64.99022214,64.61399554,66.04706141,66.76893076,66.88480786,68.72439547,70.30804646,70.94767712,72.41545776,73.08069821,74.36387163,74.64966778,75.16738322,77.92914769,79.54360503,80.848979,81.51478712,81.77265665,83.36512092,82.89995234,83.31657676,
IDA total,IDA,"Access to electricity, rural (% of rural population)",EG.ELC.ACCS.RU.ZS,,,,,,,,,,26.64819213,25.93598544,28.97318066,30.4444972,28.29225527,27.63724137,28.95401863,31.916069,29.70535134,32.81019861,35.60346798,35.36217459,37.25811985,39.48916155,40.4415137,39.97788127,40.65557691,46.46860773,48.73740692,49.3629287,50.49204457,51.1357389,52.47884532,53.10341109,54.74343803,
IDA blend,IDB,"Access to electricity, rural (% of rural population)",EG.ELC.ACCS.RU.ZS,,,,,,,,,38.53289433,39.9640818,39.57406726,40.62057815,41.50842176,45.1432679,43.43038185,44.5468222,45.61092981,46.33214286,47.90069561,47.23394379,49.46085217,53.76250078,53.46605073,55.69917522,54.00824934,54.88659679,59.2600477,57.08976398,60.8913244,60.89089824,61.46542375,62.75135852,63.2512241,65.89370869,
Indonesia,IDN,"Access to electricity, rural (% of rural population)",EG.ELC.ACCS.RU.ZS,,31.01029741,53.90808611,36.05524112,45.72729955,51.51949619,59.35388934,69.5752021,71.75224,75.81067872,79.6,79.2,81.1,79.8,82.9,74.7,85.1,84.7,88.2,88.4,89.4,90.2,92.6,93,94,94.9,95.1,96,96.8,97.5,93.5,98.2,98.2,98.6,
IDA only,IDX,"Access to electricity, rural (% of rural population)",EG.ELC.ACCS.RU.ZS,,,,,,,,,,,17.48547492,20.85426964,22.84188952,19.26410705,19.22538256,20.52422139,24.57313601,21.58517188,24.96716426,28.96330679,27.65768755,28.3835801,31.92447691,32.36972822,32.79801317,33.7312049,40.06355908,44.52615085,43.61160312,45.16793191,45.99955258,47.38678304,48.34079559,49.56157807,
Isle of Man,IMN,"Access to electricity, rural (% of rural population)",EG.ELC.ACCS.RU.ZS,100,100,100,100,100,100,100,100,100,100,100,100,100,100,100,100,100,100,100,100,100,100,100,100,100,100,100,100,100,100,100,100,100,100,
India,IND,"Access to electricity, rural (% of rural population)",EG.ELC.ACCS.RU.ZS,,,,39.58033844,37.11600572,38.92818073,40.74674064,42.57280058,44.40686797,48.29339736,49.2,51.2,51.3,55.2,53.4,59.3,57.3,63.5,65.7,65.7,68.4,72.3,72.4,76.8,79.4,83.4,85.3,88.3,93.9,93.8,95.2,99.3,99.3,99.2,
Not classified,INX,"Access to electricity, rural (% of rural population)",EG.ELC.ACCS.RU.ZS,,,,,,,,,,,,,,,,,,,,,,,,,,,,,,,,,,,
Ireland,IRL,"Access to electricity, rural (% of rural population)",EG.ELC.ACCS.RU.ZS,100,100,100,100,100,100,100,100,100,100,100,100,100,100,100,100,100,100,100,100,100,100,100,100,100,100,100,100,100,100,100,100,100,100,
"Iran, Islamic Rep.",IRN,"Access to electricity, rural (% of rural population)",EG.ELC.ACCS.RU.ZS,,,,,,,,,,,94.2,94.7,94.9,95.2,95.4,95.7,95,96.2,96.6,99,98.3,98.3,98.4,99.4,100,99.8,99.8,99.8,100,100,100,100,100,100,
Iraq,IRQ,"Access to electricity, rural (% of rural population)",EG.ELC.ACCS.RU.ZS,,,,,,,,,,,91.3,91.8,92.2,92.6,93,93.4,93.4,95.3,94.6,95,95.5,93.5,98.4,96.9,97.5,98.2,98.8,99.6,99.9,100,100,100,100,100,
Iceland,ISL,"Access to electricity, rural (% of rural population)",EG.ELC.ACCS.RU.ZS,100,100,100,100,100,100,100,100,100,100,100,100,100,100,100,100,100,100,100,100,100,100,100,100,100,100,100,100,100,100,100,100,100,100,
Israel,ISR,"Access to electricity, rural (% of rural population)",EG.ELC.ACCS.RU.ZS,100,100,100,100,100,100,100,100,100,100,100,100,100,100,100,100,100,100,100,100,100,100,100,100,100,100,100,100,100,100,100,100,100,100,
Italy,ITA,"Access to electricity, rural (% of rural population)",EG.ELC.ACCS.RU.ZS,100,100,100,100,100,100,100,100,100,100,100,100,100,100,100,100,100,100,100,100,100,100,100,100,100,100,100,100,100,100,100,100,100,100,
Jamaica,JAM,"Access to electricity, rural (% of rural population)",EG.ELC.ACCS.RU.ZS,58.81785656,68.46066181,69.40071578,70.34601398,71.2988875,72.26066888,78.82374291,74.22080001,75.22377293,80.35314188,77.4,82.3,80.2,80.1,81,81.9,82.8,83.8,83.4,85.7,88,84.5,88.1,90.7,89.2,91.1,93,94.3,95.9,97.6,99.3,100,100,96.5,
Jordan,JOR,"Access to electricity, rural (% of rural population)",EG.ELC.ACCS.RU.ZS,90.11886684,93.48916512,93.47620808,93.47176086,93.48502795,93.6847272,94.04425883,95.66548904,94.89645771,95.39917324,96.7,96.8,98.8,97.1,97.9,97.2,100,97.9,100,98.3,100,97.7,99.5,97.3,97.9,98.9,99.5,100,98.9,98.9,98.8,98.8,98.8,100,
Japan,JPN,"Access to electricity, rural (% of rural population)",EG.ELC.ACCS.RU.ZS,100,100,100,100,100,100,100,100,100,100,100,100,100,100,100,100,100,100,100,100,100,100,100,100,100,100,100,100,100,100,100,100,100,100,
Kazakhstan,KAZ,"Access to electricity, rural (% of rural population)",EG.ELC.ACCS.RU.ZS,,,,,,99.89115871,98.23601878,98.39461949,98.56609285,93.94312157,99.1,99.5,99.7,99.8,99.9,100,99.7,100,100,100,100,99.6,100,100,100,100,100,100,100,100,100,100,100,100,
Kenya,KEN,"Access to electricity, rural (% of rural population)",EG.ELC.ACCS.RU.ZS,,,,4.129531249,,,,1.10441838,6.647292251,4.72589861,6.6,8.3,10,6.9,13.4,15.1,16.9,18.6,20.4,10.1,7.2,25.7,27.5,29.3,25.1,29,42.1,45.8,51.6,61.7,62.7,68.2,65,67.9,
Kyrgyz Republic,KGZ,"Access to electricity, rural (% of rural population)",EG.ELC.ACCS.RU.ZS,,,,,,,,99.68854626,99.43491898,99.47797706,99.5,99.5,100,99.4,99.3,99.3,99.1,99.5,99.6,99.5,98.9,97.8,99.8,98.9,99.7,98.7,99.8,100,100,99.9,99.9,99.6,99.6,100,
Cambodia,KHM,"Access to electricity, rural (% of rural population)",EG.ELC.ACCS.RU.ZS,,,,,,,,,10.28216297,,6.6,,0.6,7.6,0.8,9.5,16.1,6.5,11.7,11.8,15.8,22.8,28.5,38.9,44.7,53.3,60.7,86.1,75,80,82.9,77.1,88,93.4,
Kiribati,KIR,"Access to electricity, rural (% of rural population)",EG.ELC.ACCS.RU.ZS,,,,,,,,,,,26.9,29.7,33,36.3,39.6,51.2,50.8,48.7,51.5,43,39.4,60.9,64.2,68.4,77.5,93,,,,90.1,94.3,,,,
St. Kitts and Nevis,KNA,"Access to electricity, rural (% of rural population)",EG.ELC.ACCS.RU.ZS,87.15712601,87.6959615,88.24237221,88.78648008,89.32886722,89.87036815,90.4113388,90.95206454,91.49323378,92.03433069,93.4,90.7,94.2,94.5,94.8,95.2,95.5,95.9,96.3,96.7,99.9,100,100,100,100,100,100,100,100,100,100,100,100,100,
"Korea, Rep.",KOR,"Access to electricity, rural (% of rural population)",EG.ELC.ACCS.RU.ZS,99.84822917,99.81723547,99.82202528,99.87972665,99.95174953,100,100,100,100,100,100,100,100,100,100,100,100,100,100,100,100,100,100,100,100,100,100,100,100,100,100,100,100,100,
Kuwait,KWT,"Access to electricity, rural (% of rural population)",EG.ELC.ACCS.RU.ZS,100,100,100,100,100,100,100,100,100,100,100,100,100,100,100,100,100,100,100,100,100,100,100,100,100,100,100,100,100,100,100,100,100,100,
Latin America & Caribbean (excluding high income),LAC,"Access to electricity, rural (% of rural population)",EG.ELC.ACCS.RU.ZS,,,63.36911146,64.25951562,66.55900958,62.52260271,65.37335852,66.14207268,67.7025498,69.19555043,70.09881685,73.01520755,73.39902618,74.43616504,74.9160509,76.05126983,78.11983507,78.79684394,81.23100936,81.69393922,83.18704398,84.32165656,85.59464252,86.58590223,87.06470936,88.39128138,93.05064251,89.85672939,89.86521307,90.78253636,95.75508585,96.29650771,96.52339232,92.44483096,
Lao PDR,LAO,"Access to electricity, rural (% of rural population)",EG.ELC.ACCS.RU.ZS,,,,17.96754399,11.46411514,10.16615151,16.88174076,19.47071219,22.08340096,24.72390196,27.5,30.2,30.5,31.6,38.3,44.1,42.8,38.2,52.6,55,58.6,57.8,66.8,70.6,75,85.7,84.1,90.5,89.3,97.6,99,100,100,95.2,
Lebanon,LBN,"Access to electricity, rural (% of rural population)",EG.ELC.ACCS.RU.ZS,,,,,,,,,,,100,100,100,100,100,98.9,98.8,86.7,99.2,96.1,96.6,99.2,96.2,96.8,97.3,97.8,98.3,98.7,97.4,99.6,99.8,100,100,100,
Liberia,LBR,"Access to electricity, rural (% of rural population)",EG.ELC.ACCS.RU.ZS,,,,,,,,,,,,,,,,,,,,,1,1.2,2.8,3.5,4.1,5.2,4.1,7.4,7.7,8.3,8.1,8.1,14.9,9.3,
Libya,LBY,"Access to electricity, rural (% of rural population)",EG.ELC.ACCS.RU.ZS,,,,,,,,,,,99.2,87.3,79.8,72.2,64.5,56.9,49.2,41.4,33.6,25.6,17.5,9.3,0.8,,,,,,,,,,,,
St. Lucia,LCA,"Access to electricity, rural (% of rural population)",EG.ELC.ACCS.RU.ZS,,,,,,,,,,,82.4,87.6,84.9,86.2,87.4,88.6,89.8,91,92.1,93.2,94.1,95.5,95.6,97.7,98.7,99.7,100,100,100,100,100,100,100,100,
Latin America & Caribbean,LCN,"Access to electricity, rural (% of rural population)",EG.ELC.ACCS.RU.ZS,,,64.28966589,65.29088644,67.436165,63.66070177,66.18224169,67.03540676,68.61682984,70.02394081,71.25437796,74.13307567,74.54736734,75.02045799,75.93844644,76.94991174,79.18166433,79.60423484,81.88501383,82.4681499,83.86105175,84.87750288,86.21699564,87.15299078,87.78404136,89.0229401,93.18076639,90.44429969,90.51811734,91.35870978,95.88383988,96.52708856,96.77959971,92.91325565,
Least developed countries: UN classification,LDC,"Access to electricity, rural (% of rural population)",EG.ELC.ACCS.RU.ZS,,,,,,,,,,,11.4525473,,,13.99701166,13.94078505,15.63818445,19.0643199,16.91615365,19.88248952,23.87500289,22.19860669,23.3842431,27.73239693,27.65576113,27.93609535,28.9577265,35.83247137,40.80869643,39.23075265,41.24363957,42.20809164,43.72714766,45.01970556,46.27858242,
Low income,LIC,"Access to electricity, rural (% of rural population)",EG.ELC.ACCS.RU.ZS,,,,,,,,,,,,,,11.29464742,11.43557823,12.50246593,13.96731309,12.41916193,13.84955336,16.5181301,17.32650582,17.39885507,20.69951695,21.59934951,23.15567842,18.82748386,24.74374801,27.66947143,25.25777792,28.43808765,27.49912066,28.46431251,26.2297867,29.03773912,
Liechtenstein,LIE,"Access to electricity, rural (% of rural population)",EG.ELC.ACCS.RU.ZS,100,100,100,100,100,100,100,100,100,100,100,100,100,100,100,100,100,100,100,100,100,100,100,100,100,100,100,100,100,100,100,100,100,100,
Sri Lanka,LKA,"Access to electricity, rural (% of rural population)",EG.ELC.ACCS.RU.ZS,,,,,,,,,,,66.2,58.7,78.3,71.5,73.2,75,79.3,76.6,80.3,85.2,83,85.7,84.7,88.5,91.3,93.2,97.2,96.9,99.5,99.7,100,100,100,100,
Lower middle income,LMC,"Access to electricity, rural (% of rural population)",EG.ELC.ACCS.RU.ZS,,,,37.82324262,33.35335409,34.80600316,35.99160008,39.34184369,42.08892238,45.36941143,45.42651446,47.38385156,48.00571967,51.08227327,50.4259915,53.99897446,54.31077942,57.09559934,59.22432587,61.07164571,61.98834853,65.48899509,65.98895094,68.92381627,70.42467001,73.35135233,76.43708397,78.85586635,82.12762973,82.97250102,84.62313223,87.25289379,87.66383188,88.21016123,
Low & middle income,LMY,"Access to electricity, rural (% of rural population)",EG.ELC.ACCS.RU.ZS,,,,,,,,,,,64.23791452,64.9697574,65.27959019,65.60055424,65.18378207,66.780864,67.42257288,67.53654896,69.46558309,71.12685837,71.75892712,73.421768,73.97146488,75.30043466,75.77501976,76.28207528,78.71798478,80.47635241,81.83524635,82.4740404,82.66627002,84.27129262,83.78603218,84.23858161,
Lesotho,LSO,"Access to electricity, rural (% of rural population)",EG.ELC.ACCS.RU.ZS,,,,,,,,,,,2,,,,1.4,3.7,2.6,6.9,8.6,8.6,4.4,10.8,7.2,14.8,15.6,19.7,23.3,20.2,,32.6,35.2,37.7,37.7,45.2,
Late-demographic dividend,LTE,"Access to electricity, rural (% of rural population)",EG.ELC.ACCS.RU.ZS,,,,,,,,,,,91.89518794,93.0459488,93.57391964,93.89267837,94.20533381,94.9879528,96.14893281,95.519219,96.15797253,97.15567556,98.38047149,98.89682304,98.95782828,99.20782529,99.35776239,99.29331766,99.58606014,99.78464909,99.75254874,99.80424229,99.90370841,99.89436847,99.8941305,99.87426865,
Lithuania,LTU,"Access to electricity, rural (% of rural population)",EG.ELC.ACCS.RU.ZS,100,100,100,100,100,100,100,100,100,100,100,100,100,100,100,99.9,99.8,99.8,99.7,99.7,100,99.7,100,100,100,100,100,100,100,100,100,100,100,100,
Luxembourg,LUX,"Access to electricity, rural (% of rural population)",EG.ELC.ACCS.RU.ZS,100,100,100,100,100,100,100,100,100,100,100,100,100,100,100,100,100,100,100,100,100,100,100,100,100,100,100,100,100,100,100,100,100,100,
Latvia,LVA,"Access to electricity, rural (% of rural population)",EG.ELC.ACCS.RU.ZS,100,100,100,100,100,100,100,100,100,100,100,100,100,100,100,100,100,100,99.9,100,99.8,99.8,100,100,100,100,100,100,100,100,100,100,100,100,
"Macao SAR, China",MAC,"Access to electricity, rural (% of rural population)",EG.ELC.ACCS.RU.ZS,,,,,100,100,100,100,100,100,100,100,100,100,100,100,100,100,100,100,100,100,100,100,100,100,100,100,100,100,100,100,100,100,
St. Martin (French part),MAF,"Access to electricity, rural (% of rural population)",EG.ELC.ACCS.RU.ZS,,,,,,,,,,,,,,,,,,,,,100,100,100,100,100,100,100,100,100,100,100,100,100,100,
Morocco,MAR,"Access to electricity, rural (% of rural population)",EG.ELC.ACCS.RU.ZS,,,13.92083214,22.64568907,24.93650871,20.01127607,30.6417157,33.60749116,36.62114017,39.68300828,44.4,47.3,50.3,53.4,58.4,59.3,93,65.4,68.5,71.7,92.9,93.2,93.6,95,94.4,93.6,95.4,100,96.1,98.9,100,100,100,100,
Monaco,MCO,"Access to electricity, rural (% of rural population)",EG.ELC.ACCS.RU.ZS,100,100,100,100,100,100,100,100,100,100,100,100,100,100,100,100,100,100,100,100,100,100,100,100,100,100,100,100,100,100,100,100,100,100,
Moldova,MDA,"Access to electricity, rural (% of rural population)",EG.ELC.ACCS.RU.ZS,100,100,100,100,100,100,100,100,100,100,98.4,98.5,98.9,98.6,99.1,98,98.7,98.8,98.9,99,99.1,99.2,99.3,99.5,99.6,99.8,99.9,100,100,100,100,100,100,100,
Madagascar,MDG,"Access to electricity, rural (% of rural population)",EG.ELC.ACCS.RU.ZS,,,,,,,,1.183102516,,,,4.5,,7.7,0.9,1,1.2,1.3,1.4,,,,,,1.7,1.7,,,16,13,6.7,10.9,10.9,14.6,
Maldives,MDV,"Access to electricity, rural (% of rural population)",EG.ELC.ACCS.RU.ZS,,,,,,,,,,,77.9,82.7,83.6,84.6,85.6,86.6,87.7,89,90.3,99.9,98.7,98.7,98.9,99,100,99.6,100,99.9,100,100,100,100,100,100,
"Middle East, North Africa, Afghanistan & Pakistan",MEA,"Access to electricity, rural (% of rural population)",EG.ELC.ACCS.RU.ZS,,,,,,,,,65.59029763,65.75968452,74.27896192,74.98210668,75.3253807,71.97827433,72.47575552,74.34052179,77.01289288,76.09065768,77.43249458,78.68927985,82.05836099,82.20612773,84.11744705,87.0523459,88.65377285,87.5201329,90.85937894,92.58262393,93.57994074,92.43676672,92.87292059,93.08109471,92.33747286,92.83807643,
Mexico,MEX,"Access to electricity, rural (% of rural population)",EG.ELC.ACCS.RU.ZS,,,79.01463247,85.81066532,84.3841666,86.70714597,87.74703139,87.84409157,87.23459211,89.1986484,93.8,90.7,92.9,91.6,96.1,96.8,97.2,93.3,96.2,94.3,97.6,96.8,97.2,96.8,97.4,97.9,98.3,100,98.3,98.3,97.7,100,100,99.1,
Marshall Islands,MHL,"Access to electricity, rural (% of rural population)",EG.ELC.ACCS.RU.ZS,,,,,,,,,,25.09559321,23.6,26.5,29.5,32.6,35.8,39.1,42.5,22.4,49.8,53.6,81.1,82.6,82.3,83.1,84.2,85.5,86.9,90.5,95.8,100,100,100,100,100,
Middle income,MIC,"Access to electricity, rural (% of rural population)",EG.ELC.ACCS.RU.ZS,,,,,,,,,,,65.95490552,67.24983159,67.56693897,69.08102387,68.75272254,70.32975506,70.97281629,72.422963,73.77411971,75.13867955,75.68691989,77.77808463,78.13804026,79.91059872,80.77789942,82.51683377,84.40359527,85.93301467,87.93989348,88.53472362,89.49710619,91.35017306,91.52766345,91.8328983,
North Macedonia,MKD,"Access to electricity, rural (% of rural population)",EG.ELC.ACCS.RU.ZS,100,100,100,100,100,100,100,100,100,100,99.2,99.2,99.2,99.2,98.9,99.2,100,99.3,99.2,99.1,99.6,99.6,99.4,99.5,99.7,99.9,100,100,99.8,100,100,100,100,100,
Mali,MLI,"Access to electricity, rural (% of rural population)",EG.ELC.ACCS.RU.ZS,,,,,,,0.831307182,,,,,,1.7,2.5,3.2,3.8,1.5,5,5.5,5.7,,1.4,,3.4,4.5,7.3,8.4,,25.4,15.2,16.8,18.3,18.3,22.7,
Malta,MLT,"Access to electricity, rural (% of rural population)",EG.ELC.ACCS.RU.ZS,100,100,100,100,100,100,100,100,100,100,100,100,100,100,100,100,100,100,100,100,100,100,100,100,100,100,100,100,100,100,100,100,100,100,
Myanmar,MMR,"Access to electricity, rural (% of rural population)",EG.ELC.ACCS.RU.ZS,,,,,,,,,,,26.9,28.1,33.3,30.4,31.5,32.7,33.9,35.1,36.4,37.6,32.5,40.2,41.4,42.7,37.9,47.6,39.8,59.9,54.6,57.5,60.1,62.8,62.8,68.8,
"Middle East, North Africa, Afghanistan & Pakistan (excluding high income)",MNA,"Access to electricity, rural (% of rural population)",EG.ELC.ACCS.RU.ZS,,,,,,,,,64.58281596,64.75395495,73.6936215,74.40518761,74.74663796,71.35558242,71.85747735,73.75862682,76.48561812,75.53232249,76.89653802,78.17877104,81.64059059,81.7867514,83.73752673,86.73549585,88.3765708,87.209539,90.62982009,92.39973809,93.41762709,92.263637,92.70988259,92.92924414,92.16692929,92.67613036,
Montenegro,MNE,"Access to electricity, rural (% of rural population)",EG.ELC.ACCS.RU.ZS,100,100,100,100,100,100,100,100,100,100,98.2,98.2,98.2,98.1,98.1,99.5,98.1,98.1,98.1,98.1,98.2,97.6,98.3,99.9,94.1,98.6,98.9,100,100,99.9,99.5,99.4,100,100,
Mongolia,MNG,"Access to electricity, rural (% of rural population)",EG.ELC.ACCS.RU.ZS,,,,,,,,,,,27,35.8,36.8,40.9,39,66.7,41.5,42.9,44.4,46.1,41.9,25.2,54,45.8,60.8,66.3,74.1,81.7,94.6,96.9,98.5,100,100,100,
Northern Mariana Islands,MNP,"Access to electricity, rural (% of rural population)",EG.ELC.ACCS.RU.ZS,100,100,100,99.912091,99.87870248,100,100,100,100,100,100,100,100,100,100,100,100,100,100,100,100,100,100,100,100,100,100,100,100,100,100,100,100,100,
Mozambique,MOZ,"Access to electricity, rural (% of rural population)",EG.ELC.ACCS.RU.ZS,,,,,,,,,,,,,,1,1,1.5,2,1.5,2.3,2.2,1.4,3.8,2.3,2.8,2.7,0.9,4.7,4.4,8,5.2,4.6,3.8,5,8.9,
Mauritania,MRT,"Access to electricity, rural (% of rural population)",EG.ELC.ACCS.RU.ZS,,,,,,,,,,,3,4.9,3.7,3.8,3.8,1.2,3.8,3.8,4,3.2,2.1,1.5,0.8,,,,,,,,,,,,
Mauritius,MUS,"Access to electricity, rural (% of rural population)",EG.ELC.ACCS.RU.ZS,98.29156026,98.34708081,98.40218305,98.4558276,98.50682654,98.55399929,98.59620164,98.63223626,98.66095388,98.68406131,98.3,98.7,99,98.6,98.6,98.6,98.6,98.6,98.6,98.7,99.3,99.5,99.1,99.1,99.3,99.5,99.8,99.6,100,100,99.5,99.8,100,100,
Malawi,MWI,"Access to electricity, rural (% of rural population)",EG.ELC.ACCS.RU.ZS,,,0.889517616,,,,,,,0.621764844,0.7,1.3,1.5,0.8,2.8,2.1,,2.6,2.8,3.1,3.9,3,1.8,3.8,5.3,3.4,4.9,3.7,11.7,4.1,3.5,5.6,5.6,6.1,
Malaysia,MYS,"Access to electricity, rural (% of rural population)",EG.ELC.ACCS.RU.ZS,,,,,,,,,,,97.6,97.6,97.7,97.7,97.8,97.8,97.8,97.9,98,97.9,99,98.8,99.5,98.7,99,99.5,99.6,99.9,100,100,100,100,100,100,
North America,NAC,"Access to electricity, rural (% of rural population)",EG.ELC.ACCS.RU.ZS,100,100,100,100,100,100,100,100,100,100,100,100,100,100,100,100,100,100,100,100,100,100,100,100,100,100,100,100,100,100,100,100,100,100,
Namibia,NAM,"Access to electricity, rural (% of rural population)",EG.ELC.ACCS.RU.ZS,,,10.74214107,9.182264648,11.61554789,12.57010033,13.53214903,14.50455397,15.48755486,16.48242668,18.9,18.5,19.1,19.7,20.2,20.8,21.4,22.4,22.7,20.7,24,21.6,25.4,27.3,26.9,31.3,31.6,31.6,30.2,31.2,,33.2,33.2,34.1,
New Caledonia,NCL,"Access to electricity, rural (% of rural population)",EG.ELC.ACCS.RU.ZS,99.81202438,99.8128937,99.82501147,99.86053329,99.9148792,100,100,100,100,100,100,100,100,100,100,100,100,100,100,100,100,100,100,100,100,100,100,100,100,100,100,100,100,100,
Niger,NER,"Access to electricity, rural (% of rural population)",EG.ELC.ACCS.RU.ZS,,,,,,0.9504415,1.643651361,,1.015359611,1.264394305,,2,2.3,2.7,3,,2,4.1,4.5,4.9,4.8,5.5,5.2,6.6,7.3,8.1,8.8,9.2,11.7,9.7,9.7,9.1,7.7,10.4,
Nigeria,NGA,"Access to electricity, rural (% of rural population)",EG.ELC.ACCS.RU.ZS,4.043913725,14.2529109,14.97004716,15.69319018,16.42312062,17.15976838,17.90320578,18.65854707,19.42514891,24.32679007,21.5,21.8,22.1,32.7,22.8,23.1,23.5,25.3,25.6,24.6,23.5,31,27,31.6,27.1,25.9,34,22.6,31,25.5,24.6,26.3,27,32.9,
Nicaragua,NIC,"Access to electricity, rural (% of rural population)",EG.ELC.ACCS.RU.ZS,,,,46.94140568,42.92044011,43.50508887,44.21159806,44.93193889,42.69514976,46.42361681,47.5,47.9,48.9,49.6,50.3,46.4,51.7,52.4,53.1,51.7,56.6,58.2,58.2,59.3,59.3,61.3,62.3,63.3,64.4,65.2,65.9,66.3,66.3,71,
Netherlands,NLD,"Access to electricity, rural (% of rural population)",EG.ELC.ACCS.RU.ZS,100,100,100,100,100,100,100,100,100,100,100,100,100,100,100,100,100,100,100,100,100,100,100,100,100,100,100,100,100,100,100,100,100,100,
Norway,NOR,"Access to electricity, rural (% of rural population)",EG.ELC.ACCS.RU.ZS,100,100,100,100,100,100,100,100,100,100,100,100,100,100,100,100,100,100,100,100,100,100,100,100,100,100,100,100,100,100,100,100,100,100,
Nepal,NPL,"Access to electricity, rural (% of rural population)",EG.ELC.ACCS.RU.ZS,,,,,,,10.15408895,9.430679513,13.02117337,16.62798219,21.3,14.7,28,31.5,28.5,38.6,44.1,45.8,49.5,53.2,63.2,61.7,70.9,73.5,82.1,79,89.8,84.6,93.5,,,,93.7,93.4,
Nauru,NRU,"Access to electricity, rural (% of rural population)",EG.ELC.ACCS.RU.ZS,,,,,,,,,,,,,,,,,,,,,,,,,,100,,,,100,100,100,100,100,
New Zealand,NZL,"Access to electricity, rural (% of rural population)",EG.ELC.ACCS.RU.ZS,100,100,100,100,100,100,100,100,100,100,100,100,100,100,100,100,100,100,100,100,100,100,100,100,100,100,100,100,100,100,100,100,100,100,
OECD members,OED,"Access to electricity, rural (% of rural population)",EG.ELC.ACCS.RU.ZS,98.51214533,98.78501985,97.05774255,97.67850777,97.56377835,97.53165518,97.87210699,97.91431494,97.91733544,98.08285717,98.75498358,98.85008201,98.6098073,98.57909274,98.92931511,99.19713913,99.14430491,98.74675754,99.07352019,98.85154654,99.24815338,99.14302124,99.2618084,99.33580832,99.38586726,99.50004722,99.57791126,99.73557525,99.57090874,99.73154642,99.7282,100,100,99.72661457,
Oman,OMN,"Access to electricity, rural (% of rural population)",EG.ELC.ACCS.RU.ZS,100,100,100,100,100,100,100,100,100,100,100,100,100,100,100,100,100,100,100,100,100,100,100,100,100,100,100,100,100,100,100,100,100,100,
Other small states,OSS,"Access to electricity, rural (% of rural population)",EG.ELC.ACCS.RU.ZS,,,,,,,,,,,51.41072246,54.86019087,53.11606775,54.9977777,57.42671237,59.66575151,59.97172282,62.77965624,64.20638271,64.62612405,66.44058642,71.08849266,72.84147078,73.9585514,76.33796463,78.14940932,80.7778831,85.98286134,85.38357955,87.86279021,89.76607646,91.68276615,92.11957708,92.93947228,
Pakistan,PAK,"Access to electricity, rural (% of rural population)",EG.ELC.ACCS.RU.ZS,,,,,,,,,59.49763572,58.95963193,62.6,63.9,65.3,66.7,68,69.4,70.8,72.2,73.7,75.2,82.1,82.9,83.8,84.8,85.8,86.9,88,89.1,90.1,90.7,91.5,91.9,93,92.8,
Panama,PAN,"Access to electricity, rural (% of rural population)",EG.ELC.ACCS.RU.ZS,40.52385932,46.40856894,47.06006691,47.73785722,48.44294132,49.18332886,49.96218729,50.79137706,51.67315942,52.6144852,55.4,55.3,56.6,71.5,59.3,60.7,62.1,63.5,65,66.5,64.7,69.6,71.1,71.2,74.5,76.3,78.1,100,,,85.6,,100,90.7,
Peru,PER,"Access to electricity, rural (% of rural population)",EG.ELC.ACCS.RU.ZS,,,23.63993469,2.768920563,4.943291126,7.192448621,4.6576524,11.54295831,16.58170401,18.38642073,11.1,16.1,19.5,18.5,20.9,24.6,31.1,38.7,45.4,51,55.6,61.3,66.2,69.9,72.8,76.7,78,80.5,81.8,82.9,86.1,83.6,85.1,85.1,
Philippines,PHL,"Access to electricity, rural (% of rural population)",EG.ELC.ACCS.RU.ZS,,,,49.34670579,51.17071238,52.91431615,54.65971211,56.40831991,54.22505828,56.17713399,61.8,63.4,65,63.5,84.5,69.9,70,73.1,74.6,76.1,78.5,81.2,80.7,81.9,84.6,83.2,87.9,90,91.3,93,94.7,96.5,91.1,97.6,
Palau,PLW,"Access to electricity, rural (% of rural population)",EG.ELC.ACCS.RU.ZS,92.18195401,92.34152117,92.50273894,92.67303382,92.85643898,93.06066513,93.38705617,93.7603727,94.16059838,94.58801035,95.4,95.6,95.8,96,96.1,97,96.3,96.4,96.6,96.7,96.9,97.1,94.9,97.6,99.2,98.3,100,100,100,100,100,100,100,100,
Papua New Guinea,PNG,"Access to electricity, rural (% of rural population)",EG.ELC.ACCS.RU.ZS,,,,,,,2.588258412,,,,4.4,4.8,5.2,5.6,6,6.5,5,7.4,7.9,9.3,11.8,9.5,9.9,10.3,10.8,11.3,5.6,12.3,10.5,17.1,13.6,14,14,13.4,
Poland,POL,"Access to electricity, rural (% of rural population)",EG.ELC.ACCS.RU.ZS,100,100,100,100,100,100,100,100,100,100,100,100,100,100,100,100,100,100,99.9,100,100,100,100,100,100,100,100,100,100,100,100,100,100,100,
Pre-demographic dividend,PRE,"Access to electricity, rural (% of rural population)",EG.ELC.ACCS.RU.ZS,,,,,,,,,,,13.01337958,13.62653828,13.76300163,15.09335501,13.36016406,14.55161934,15.08777862,14.41929357,15.60419201,17.43143162,16.22638537,19.4945877,21.10283444,21.7225233,22.6637056,19.91543075,26.83108508,25.69469841,28.45672884,28.82106472,28.31987983,29.77758669,29.40232605,31.42443929,
Puerto Rico (US),PRI,"Access to electricity, rural (% of rural population)",EG.ELC.ACCS.RU.ZS,99.76521571,99.89984627,99.97949027,100,100,100,100,100,100,100,100,100,100,100,100,100,100,100,100,100,100,100,100,100,100,100,100,100,100,100,100,100,100,100,
"Korea, Dem. People's Rep.",PRK,"Access to electricity, rural (% of rural population)",EG.ELC.ACCS.RU.ZS,,,,,,,,,,,,,,,,,,,,,,,,,,,,,,,,,,,
Portugal,PRT,"Access to electricity, rural (% of rural population)",EG.ELC.ACCS.RU.ZS,100,100,100,100,100,100,100,100,100,100,100,100,100,100,100,100,100,100,100,100,100,100,100,100,100,100,100,100,100,100,100,100,100,100,
Paraguay,PRY,"Access to electricity, rural (% of rural population)",EG.ELC.ACCS.RU.ZS,,,,,,56.79811384,74.07796068,73.62489528,76.36706818,77.65708579,79.5,82.3,83.7,85.6,87.5,89.6,94.3,93.1,93.4,94.7,94.4,96.3,95.1,97.9,97.7,98.6,96.1,98.5,99.1,99.4,99.4,100,100,99.5,
West Bank and Gaza,PSE,"Access to electricity, rural (% of rural population)",EG.ELC.ACCS.RU.ZS,,,,,,,,92.77527806,94.95297096,95.27488041,99.2,99.1,97.9,97.5,99,99.1,99.4,96.5,99.5,99.9,99.9,99,99.3,99.6,100,99.6,100,99.6,100,100,100,100,100,100,
Pacific island small states,PSS,"Access to electricity, rural (% of rural population)",EG.ELC.ACCS.RU.ZS,,,,,,,,,,41.07246647,54.68164284,56.11902194,42.43822876,43.96186558,45.19155154,47.40219926,46.23914571,68.7515872,53.6809925,49.89022426,60.41666264,61.83922291,63.29480758,61.90070191,67.49016349,70.76070137,71.85930461,75.95247362,76.47626222,79.15672394,81.78790185,80.42302557,80.31834775,84.69859788,
Post-demographic dividend,PST,"Access to electricity, rural (% of rural population)",EG.ELC.ACCS.RU.ZS,99.99202261,99.9909214,99.99132727,99.99394198,99.99704137,99.99905708,99.99908263,99.99910938,99.99913771,99.99916769,99.24282282,99.25964985,99.24807456,99.3320179,99.37364783,99.45379367,99.45260494,99.50836964,99.53052178,99.57317268,99.61299751,99.65342184,99.67408942,99.72041312,99.76584674,99.80261997,99.85346362,99.90125689,99.94048146,99.98115509,99.99160139,99.9961511,99.9969498,100,
French Polynesia,PYF,"Access to electricity, rural (% of rural population)",EG.ELC.ACCS.RU.ZS,100,100,100,100,100,100,100,100,100,100,100,100,100,100,100,100,100,100,100,100,100,100,100,100,100,100,100,100,100,100,100,100,100,100,
Qatar,QAT,"Access to electricity, rural (% of rural population)",EG.ELC.ACCS.RU.ZS,100,100,100,100,100,100,100,100,100,100,100,100,100,100,100,100,100,100,100,100,100,100,100,100,100,100,100,100,100,100,100,100,100,100,
Romania,ROU,"Access to electricity, rural (% of rural population)",EG.ELC.ACCS.RU.ZS,100,100,100,100,100,100,100,100,100,100,93.4,93.7,94,94.3,94.5,94.8,95.1,95.4,95.8,96.1,96,96.3,96.7,97.1,97.6,98.2,98.6,100,99.9,100,100,100,100,100,
Russian Federation,RUS,"Access to electricity, rural (% of rural population)",EG.ELC.ACCS.RU.ZS,100,100,100,100,100,100,100,100,100,100,96.1,96.4,96.6,96.8,97,97.2,97.4,97.6,97.8,98,100,99.6,100,100,100,96.6,100,100,100,100,100,100,100,100,
Rwanda,RWA,"Access to electricity, rural (% of rural population)",EG.ELC.ACCS.RU.ZS,,,,,,,,,,,,,,0.6,1.8,0.7,4,5.2,1.5,7.6,2.6,1.1,7.3,5.8,9.2,12.5,19,23.6,28,38.3,34.9,38.2,38.2,57.9,
South Asia,SAS,"Access to electricity, rural (% of rural population)",EG.ELC.ACCS.RU.ZS,,,,39.58033844,32.92230792,34.70892493,36.03623188,37.5052949,39.96577885,43.75205342,45.14956549,47.11340302,48.18631526,51.7814541,50.3319487,55.88517917,55.50358835,59.96306743,63.00050689,63.51759914,65.54290286,69.52148283,70.66577884,74.0348293,76.48086913,81.49680981,83.6836232,87.70538669,92.74795794,93.41575739,95.28614663,99.23352701,99.17920999,99.12554718,
Saudi Arabia,SAU,"Access to electricity, rural (% of rural population)",EG.ELC.ACCS.RU.ZS,100,100,100,100,100,100,100,100,100,100,100,100,100,100,100,100,100,100,100,100,100,100,100,100,100,100,100,100,100,100,100,100,100,100,
Sudan,SDN,"Access to electricity, rural (% of rural population)",EG.ELC.ACCS.RU.ZS,19.45481322,11.21972372,10.83435384,10.61434409,11.15825872,11.7032773,12.25149042,12.80188315,13.35576959,13.91354405,4.4,13.8,14.2,14.5,14.9,15.2,15.6,16,7.3,14.7,18.2,21,23.8,26.7,28.9,32.7,35.8,38.8,41.7,44.4,46.9,49.4,49.4,54,
Senegal,SEN,"Access to electricity, rural (% of rural population)",EG.ELC.ACCS.RU.ZS,,,,4.874661673,2.071640547,3.916077591,5.766491962,7.84425288,9.493894373,11.61952226,12.8,15.3,11.3,18.6,8.7,23.3,25.4,24.5,26.1,30.6,34.9,31.7,32.5,31.8,41,38.1,44.5,35.4,41.4,47.8,38.6,43.4,43.4,56.5,
Singapore,SGP,"Access to electricity, rural (% of rural population)",EG.ELC.ACCS.RU.ZS,100,100,100,100,100,100,100,100,100,100,100,100,100,100,100,100,100,100,100,100,100,100,100,100,100,100,100,100,100,100,100,100,100,100,
Solomon Islands,SLB,"Access to electricity, rural (% of rural population)",EG.ELC.ACCS.RU.ZS,,,,,,,,,,8.474956093,,,0.6,3.7,6.8,10,3.9,,19.6,9,27.9,32.2,36.5,40.4,45.5,51.5,54.9,60.5,63.6,67.6,71.5,75.4,75.4,81.3,
Sierra Leone,SLE,"Access to electricity, rural (% of rural population)",EG.ELC.ACCS.RU.ZS,,,,,,,,,,,,,,,9.7,,,0.6,,1,,,1.5,,1.8,1.9,1.6,5.4,6.4,1.5,4.7,4.9,5,19,
El Salvador,SLV,"Access to electricity, rural (% of rural population)",EG.ELC.ACCS.RU.ZS,,45.79456876,56.08291283,56.92800258,57.6617685,55.89171594,56.44596118,60.12770222,62.33479599,59.61165219,67.9,72.3,73,72.3,73,73.2,76.1,81,81.4,81.1,81.6,83.4,85.2,89.3,89.2,89.4,90.3,91.3,92.6,93.6,100,94.1,100,96.6,
San Marino,SMR,"Access to electricity, rural (% of rural population)",EG.ELC.ACCS.RU.ZS,100,100,100,100,100,100,100,100,100,100,100,100,100,100,100,100,100,100,100,100,100,100,100,100,100,100,100,100,100,100,100,100,100,100,
"Somalia, Fed. Rep.",SOM,"Access to electricity, rural (% of rural population)",EG.ELC.ACCS.RU.ZS,,,,,,,,,,,,,,,2.4,4.7,1.7,10.8,12.7,14.7,43.2,41.7,40.7,39.7,38.9,38.1,37.3,38.4,35.3,,32.3,30.6,30.6,23.9,
Serbia,SRB,"Access to electricity, rural (% of rural population)",EG.ELC.ACCS.RU.ZS,100,100,100,100,100,100,100,100,100,100,100,100,100,99.9,99.8,99.6,99.7,99.7,99.6,99.6,99.5,99.6,99.6,99.9,99.5,99.9,99.9,100,100,99.7,100,100,100,100,
Sub-Saharan Africa (excluding high income),SSA,"Access to electricity, rural (% of rural population)",EG.ELC.ACCS.RU.ZS,,,,,,,,,,15.57363646,13.96357529,14.16844742,15.20410707,16.83290902,15.22909596,15.40275155,16.37996798,15.5786829,16.62053346,18.21813756,17.71629039,20.3435803,19.92651689,21.17571884,20.89956755,19.24016454,24.51886287,23.42422416,26.65562617,26.85462287,27.06340351,28.34045573,28.73902663,31.5474514,
South Sudan,SSD,"Access to electricity, rural (% of rural population)",EG.ELC.ACCS.RU.ZS,,,,,,,,,,,,,,,,,,,,,1,1,1.6,2.1,2.6,3.2,3.7,2.9,4.8,5.1,5.4,5.7,5.7,1.8,
Sub-Saharan Africa,SSF,"Access to electricity, rural (% of rural population)",EG.ELC.ACCS.RU.ZS,,,,,,,,,,,11.98098711,14.1777992,15.2139434,14.59205218,13.47111551,13.20442752,14.92098453,14.58261023,15.6322487,17.09230841,16.97397069,18.70581967,19.3401868,20.67088559,19.60357294,18.73507227,25.65347771,24.54130966,27.47089861,28.19580863,28.81910043,30.40220843,30.73696538,33.24366747,
Small states,SST,"Access to electricity, rural (% of rural population)",EG.ELC.ACCS.RU.ZS,,,,,,,,,,,59.03148741,62.40326995,58.85475519,60.35782878,62.15869169,63.79299365,64.24153706,70.07419396,68.47069789,67.94972122,71.20815404,74.54130138,75.90711069,76.44106569,78.87808521,80.63678852,82.61024359,86.5513655,86.2598354,88.23216299,90.06390427,91.12620949,91.37236844,92.53485357,
Sao Tome and Principe,STP,"Access to electricity, rural (% of rural population)",EG.ELC.ACCS.RU.ZS,,,,,,,,,,,40.1,36.5,37.4,38.4,39.4,40.4,41.4,42.5,43.7,34.1,46.2,47.5,42.8,50.4,52.4,53.8,58.6,76.2,55.7,68.2,71,73.7,73.7,69.6,
Suriname,SUR,"Access to electricity, rural (% of rural population)",EG.ELC.ACCS.RU.ZS,,,,,,,,,,99.62406,90.6,90.4,90.1,89.9,89.6,89.3,81.8,88.8,88.6,88.4,79.4,88,87.9,87.7,87.3,88.2,90.4,92.3,94.3,95.4,96.5,97.5,97,98.8,
Slovak Republic,SVK,"Access to electricity, rural (% of rural population)",EG.ELC.ACCS.RU.ZS,100,100,100,100,100,100,100,100,100,100,100,100,100,100,100,100,100,100,100,100,100,100,100,100,100,100,100,100,100,100,100,100,100,100,
Slovenia,SVN,"Access to electricity, rural (% of rural population)",EG.ELC.ACCS.RU.ZS,100,100,100,100,100,100,100,100,100,100,100,100,100,100,100,100,100,100,100,100,100,100,100,100,100,100,100,100,100,100,100,100,100,100,
Sweden,SWE,"Access to electricity, rural (% of rural population)",EG.ELC.ACCS.RU.ZS,100,100,100,100,100,100,100,100,100,100,100,100,100,100,100,100,100,100,100,100,100,100,100,100,100,100,100,100,100,100,100,100,100,100,
Eswatini,SWZ,"Access to electricity, rural (% of rural population)",EG.ELC.ACCS.RU.ZS,,,,,,,,,,,10.4,18.3,16.7,19.8,23,26.1,27.3,32.4,35.5,28.9,39.8,44.7,48.2,51.8,59.3,59.1,58.1,69.8,69.7,72.9,76.1,79.1,81.6,84.9,
Sint Maarten (Dutch part),SXM,"Access to electricity, rural (% of rural population)",EG.ELC.ACCS.RU.ZS,,,,,,,,,,,,,,,,,,,,,100,100,100,100,100,100,100,100,100,100,100,100,100,100,
Seychelles,SYC,"Access to electricity, rural (% of rural population)",EG.ELC.ACCS.RU.ZS,,,,,81.30512813,85.508411,86.16660828,84.98026731,87.50867474,88.19623292,89.5,90,93.4,91,91.5,92.1,99.2,93.1,93.7,94.3,94.4,96.4,96.7,96.2,100,100,100,100,100,100,100,100,100,100,
Syrian Arab Republic,SYR,"Access to electricity, rural (% of rural population)",EG.ELC.ACCS.RU.ZS,,,,,,,,,,,87.1,86.4,72.2,84.8,84,83.1,99.2,81.5,80.8,80.2,83.6,81.2,80,79.8,79.8,79.1,78.4,77.7,69.5,76.2,75.4,74.5,75,72.8,
Turks and Caicos Islands,TCA,"Access to electricity, rural (% of rural population)",EG.ELC.ACCS.RU.ZS,56.64189756,63.98978265,63.67777328,63.41539281,63.22142779,63.11714861,63.12578004,63.2278234,63.42215122,63.75966056,72.7,66.9,67.5,68.2,69,70,71,72.2,73.5,100,100,100,100,100,100,100,100,100,100,100,100,100,100,100,
Chad,TCD,"Access to electricity, rural (% of rural population)",EG.ELC.ACCS.RU.ZS,,,,,,,,,0.957223532,1.121407134,1.2,1.3,1.4,1.5,,1.6,1.8,1.9,2,2.2,3,7.7,3,3,3,0.5,2.8,4.2,2.3,,1.6,1.3,1.3,0.4,
East Asia & Pacific (IDA & IBRD countries),TEA,"Access to electricity, rural (% of rural population)",EG.ELC.ACCS.RU.ZS,,,,,,,,,,,87.16795049,88.70946991,88.41981023,88.38429943,89.76372464,88.84755306,90.56315527,90.22156152,91.13280511,91.93839715,92.80866145,93.60784085,93.9046714,94.19567565,94.37813111,94.84424745,94.81544117,96.24961393,95.98586476,96.34413038,96.01695873,96.74836243,96.45820296,97.18896247,
Europe & Central Asia (IDA & IBRD countries),TEC,"Access to electricity, rural (% of rural population)",EG.ELC.ACCS.RU.ZS,,,,,,99.99256819,99.81673927,99.79537226,99.80871138,99.43334467,97.4225212,97.61507148,97.80666491,97.92349517,97.99024259,98.17887666,98.24810217,98.40390099,98.49226401,98.65308795,99.18798882,99.12004194,99.33613573,99.42285444,99.52526527,98.72435374,99.7218905,99.86392032,99.91000864,99.95430538,99.97659478,99.95129249,99.98445894,100,
Togo,TGO,"Access to electricity, rural (% of rural population)",EG.ELC.ACCS.RU.ZS,,,,,,,,,3.102799587,3.131976895,6.4,5.4,6.5,7.6,8.7,9.8,7.4,11.8,12.9,13.9,9.3,16.3,15.8,17.1,21.1,19.8,21,19.5,26.3,23.9,24.3,24.7,25,30.5,
Thailand,THA,"Access to electricity, rural (% of rural population)",EG.ELC.ACCS.RU.ZS,,,,,,,,,,,74,85.9,86.6,87.4,88.1,88.9,98.8,90.6,91.5,98.9,99.5,99,98.8,99,99.2,99.5,99.9,99.9,99.7,99.9,100,100,100,100,
Tajikistan,TJK,"Access to electricity, rural (% of rural population)",EG.ELC.ACCS.RU.ZS,,,,,,,,,,95.93287993,98,98.2,98.8,100,98.2,99.2,98.3,98.3,98.4,98.9,98.6,98.7,98.8,98.9,99,97.8,99.2,99.3,99.3,99.6,99.7,99.8,100,100,
Turkmenistan,TKM,"Access to electricity, rural (% of rural population)",EG.ELC.ACCS.RU.ZS,,,,,,,,,,,99.5,99.6,99.6,99.5,99.5,99.5,99.8,99.5,99.5,99.6,100,99.7,99.8,99.9,100,100,100,100,100,99.9,100,100,100,100,
Latin America & the Caribbean (IDA & IBRD countries),TLA,"Access to electricity, rural (% of rural population)",EG.ELC.ACCS.RU.ZS,,,64.16168049,65.16988188,67.32251368,63.55267136,66.08214993,66.9382179,68.52507623,69.93732438,70.80816104,73.81452513,74.30297044,74.69830023,75.62507288,76.64764104,78.9188893,79.33862447,81.66047365,82.24211226,83.65418995,84.68050955,86.03366108,86.97318963,87.600379,88.84811416,93.08551388,90.26411678,90.3187914,91.15428373,95.78495794,96.43712514,96.69749665,92.74029276,
Timor-Leste,TLS,"Access to electricity, rural (% of rural population)",EG.ELC.ACCS.RU.ZS,,,,,,,,,,,1.2,10.7,7.9,12.1,14.6,18,21.4,19.9,28.4,31.9,20.6,39,42.6,46.2,49.8,55.6,67.2,70.9,78.8,86.5,94.2,100,100,100,
"Middle East, North Africa, Afghanistan & Pakistan (IDA & IBRD)",TMN,"Access to electricity, rural (% of rural population)",EG.ELC.ACCS.RU.ZS,,,,,,,,,64.44203489,64.61306564,73.60359498,74.31802886,74.66473567,71.26913621,71.76775508,73.6748335,76.409843,75.46294753,76.82157,78.1066707,81.57995465,81.72965762,83.68595604,86.69265882,88.33783962,87.16818738,90.59851343,92.3757282,93.39410284,92.23780033,92.68552623,92.90560298,92.14071038,92.65161085,
Tonga,TON,"Access to electricity, rural (% of rural population)",EG.ELC.ACCS.RU.ZS,,,,,75.44701803,77.69865292,78.62925752,79.56154837,80.49511914,81.42901716,82.4,83.2,84.1,84.9,85.8,86.6,90.7,88.4,89.3,90.3,91.2,90.6,91.3,94.1,95,100,96.5,97.8,98.8,97.9,99.8,100,100,100,
South Asia (IDA & IBRD),TSA,"Access to electricity, rural (% of rural population)",EG.ELC.ACCS.RU.ZS,,,,39.58033844,32.92230792,34.70892493,36.03623188,37.5052949,39.96577885,43.75205342,45.14956549,47.11340302,48.18631526,51.7814541,50.3319487,55.88517917,55.50358835,59.96306743,63.00050689,63.51759914,65.54290286,69.52148283,70.66577884,74.0348293,76.48086913,81.49680981,83.6836232,87.70538669,92.74795794,93.41575739,95.28614663,99.23352701,99.17920999,99.12554718,
Sub-Saharan Africa (IDA & IBRD countries),TSS,"Access to electricity, rural (% of rural population)",EG.ELC.ACCS.RU.ZS,,,,,,,,,,,11.98098711,14.1777992,15.2139434,14.59205218,13.47111551,13.20442752,14.92098453,14.58261023,15.6322487,17.09230841,16.97397069,18.70581967,19.3401868,20.67088559,19.60357294,18.73507227,25.65347771,24.54130966,27.47089861,28.19580863,28.81910043,30.40220843,30.73696538,33.24366747,
Trinidad and Tobago,TTO,"Access to electricity, rural (% of rural population)",EG.ELC.ACCS.RU.ZS,,,,,,,,,,,80.2,91.8,92.3,92.8,93.3,89.3,100,100,100,100,100,100,100,100,100,100,100,100,100,100,100,100,100,98,
Tunisia,TUN,"Access to electricity, rural (% of rural population)",EG.ELC.ACCS.RU.ZS,,,,,66.28877951,70.82152766,74.9412992,78.91107357,81.91262474,84.46312063,86.8,93.6,94.4,96,97.7,98.3,98.8,98.8,98.8,99.1,98.6,98.9,98.5,99.1,99.4,99.9,100,100,99.6,100,99.7,99.7,99.7,100,
Turkiye,TUR,"Access to electricity, rural (% of rural population)",EG.ELC.ACCS.RU.ZS,,,,,,,,,,,100,100,100,100,100,100,100,100,99.9,99.9,100,100,100,100,100,100,100,100,100,100,100,100,100,100,
Tuvalu,TUV,"Access to electricity, rural (% of rural population)",EG.ELC.ACCS.RU.ZS,,,,,,,,,,,93.4,93.6,94,93.9,94.1,94.2,94.4,94.7,94.7,94.9,95.1,95.2,96.2,95.7,96,96.3,93.8,97,97.4,99.5,98.4,99.1,99.1,100,
Tanzania,TZA,"Access to electricity, rural (% of rural population)",EG.ELC.ACCS.RU.ZS,,,2.648260528,,,,2.508797094,,0.853170551,2.573211786,1.7,2.5,3.2,3.2,2.6,4.9,5.5,6,1,,2.5,2.6,2.3,1.7,10,11.3,17.3,16,18.1,19,22,23.3,36,27.9,
Uganda,UGA,"Access to electricity, rural (% of rural population)",EG.ELC.ACCS.RU.ZS,,1.978019082,,,,1.877030397,,,,0.525055022,1.6,2.3,2,4.1,4.9,0.7,2.1,7.4,8.3,1.9,3.5,4.5,11.7,2.8,11.9,9,17.7,23,32.5,31.8,32.8,35.9,35.9,42.4,
Ukraine,UKR,"Access to electricity, rural (% of rural population)",EG.ELC.ACCS.RU.ZS,100,100,100,100,100,100,100,100,100,100,98.3,98.5,98.7,98.8,99,99.8,99.3,99.6,99.6,99.8,99.9,100,99.8,100,100,100,100,100,100,100,100,100,100,100,
Upper middle income,UMC,"Access to electricity, rural (% of rural population)",EG.ELC.ACCS.RU.ZS,,,,,,,,,,,90.40186239,91.27974751,91.98464603,92.10462313,92.81013253,92.30304509,94.04485788,94.06948684,94.96825403,95.63114561,96.56436612,96.95988464,97.52895814,97.83332362,98.04636174,98.24225377,98.26252998,98.56198892,98.60227447,98.78606025,98.65870124,99.23988427,99.25054603,99.27277908,
Uruguay,URY,"Access to electricity, rural (% of rural population)",EG.ELC.ACCS.RU.ZS,,,77.20059027,73.26866982,73.54765916,73.95715491,62.04822945,73.95769019,74.72422112,76.967935,78.1,80.3,80.9,81.6,82.2,82.8,86.6,88.2,88,92.6,94.2,94.6,100,100,100,100,100,100,100,100,100,100,100,100,
United States,USA,"Access to electricity, rural (% of rural population)",EG.ELC.ACCS.RU.ZS,100,100,100,100,100,100,100,100,100,100,100,100,100,100,100,100,100,100,100,100,100,100,100,100,100,100,100,100,100,100,100,100,100,100,
Uzbekistan,UZB,"Access to electricity, rural (% of rural population)",EG.ELC.ACCS.RU.ZS,,,,,,,99.28305133,99.0158556,99.10165773,99.19648891,99.4,99.4,99.5,99.3,99.2,99.2,99.2,99.2,99.2,99.2,99.2,99.3,99.4,99.6,99.7,99.8,99.9,99.9,100,100,100,99.8,100,100,
St. Vincent and the Grenadines,VCT,"Access to electricity, rural (% of rural population)",EG.ELC.ACCS.RU.ZS,,56.88387458,60.23339558,61.93668193,63.65477683,65.38877134,67.14090938,68.91383929,70.70871324,72.52612103,74.5,78.8,78,79.7,81.5,83.3,85.1,86.6,88.8,90.7,92.7,94.7,96.7,98.7,100,100,100,100,100,100,100,100,100,100,
"Venezuela, RB",VEN,"Access to electricity, rural (% of rural population)",EG.ELC.ACCS.RU.ZS,,,85.79200544,90.59585576,90.52677471,94.69499433,90.52974695,92.20936406,92.39868959,94.78968449,91.9,99.2,99.8,67.3,95.6,93,97.2,93.1,93.2,93.3,93.4,90.8,94.1,94.7,100,100,94.9,93.2,99,98.7,99.3,99.9,100,100,
British Virgin Islands,VGB,"Access to electricity, rural (% of rural population)",EG.ELC.ACCS.RU.ZS,94.08379683,94.27099018,94.48666803,94.7034622,94.92213845,95.14404412,95.37031011,95.60210553,95.84089307,96.08679788,96.7,96.8,96.9,97,97.1,97.3,97.4,97.6,97.7,97.9,97.5,98,98.2,98.4,98.7,100,100,100,100,100,100,100,100,100,
Virgin Islands (U.S.),VIR,"Access to electricity, rural (% of rural population)",EG.ELC.ACCS.RU.ZS,100,100,100,100,100,100,100,100,100,100,100,100,100,100,100,100,100,100,100,100,100,100,100,100,100,100,100,100,100,100,100,100,100,100,
Viet Nam,VNM,"Access to electricity, rural (% of rural population)",EG.ELC.ACCS.RU.ZS,,,,,,,,72.37815261,82.27031238,83.23382424,84.7,85.5,85.6,87.1,88,94.8,94.8,90.6,91.6,94.6,96.4,98.5,97,97.8,98.9,98.9,98.8,100,100,99.1,99.7,100,100,99.8,
Vanuatu,VUT,"Access to electricity, rural (% of rural population)",EG.ELC.ACCS.RU.ZS,,,,,4.24851073,,,1.164373709,3.02101556,3.330596275,6.8,8.6,10.4,12.3,14.1,16,9.2,17.8,21.7,17.6,31.7,27.9,30,13.8,36.2,39.9,46.6,53,50.9,54.3,57.5,60.7,60.7,54,
World,WLD,"Access to electricity, rural (% of rural population)",EG.ELC.ACCS.RU.ZS,,,,,,,,,,,66.38489174,68.21205529,68.45323265,67.34863333,66.96600337,68.28184286,68.93085,68.99003052,70.7121546,72.21274063,72.77843013,74.13455738,74.75223473,75.94230992,76.1938756,76.65586949,79.25951742,80.77230757,81.9875885,82.61739056,82.84744189,84.33742635,83.8848371,84.27462006,
Samoa,WSM,"Access to electricity, rural (% of rural population)",EG.ELC.ACCS.RU.ZS,,73.88190442,77.43097309,78.36585046,75.21970211,80.24074265,81.18087121,82.1231409,83.0669332,84.01246959,85.2,86,86.8,87.6,88.4,89.2,95.8,90.9,98.1,97.4,95.8,96.2,96.2,96.4,97.5,97.8,98.7,96.1,99.8,99,100,97.9,97.9,100,
Kosovo,XKX,"Access to electricity, rural (% of rural population)",EG.ELC.ACCS.RU.ZS,100,100,100,100,100,100,100,100,100,100,,,,,,,,,,,,,,,,,,,,,,,,,
"Yemen, Rep.",YEM,"Access to electricity, rural (% of rural population)",EG.ELC.ACCS.RU.ZS,,,30.77044689,25.89519049,26.93787919,28.04066661,29.19635389,27.08157934,31.53886225,32.72535933,34,35.1,36.3,37.4,32.9,40.1,39.4,42.1,43.4,44.7,42.5,44,29.4,64,50.6,53.7,55.6,71.4,,60.7,62.1,63.4,65,75.3,
South Africa,ZAF,"Access to electricity, rural (% of rural population)",EG.ELC.ACCS.RU.ZS,,,,,,,23.79161025,49.65441417,40.40604027,52.87897484,54.9,49.4,64.3,66.3,73.2,73.4,72.9,75.9,75.3,76.7,76.9,78.6,82.6,82.4,84.1,82.1,77.9,79.1,79.7,80.4,95.5,93.4,93.4,94,
Zambia,ZMB,"Access to electricity, rural (% of rural population)",EG.ELC.ACCS.RU.ZS,,,6.672268756,,0.572324599,1.291555989,1.803358015,2.756547993,2.887682822,4.257155586,2.1,5.8,2.2,1.9,4.7,6.7,7,0.6,7.4,7.6,4,8.1,8.2,8.4,4.2,4.7,9.9,14,12.4,14.2,14,14.5,14.5,17.6,
Zimbabwe,ZWE,"Access to electricity, rural (% of rural population)",EG.ELC.ACCS.RU.ZS,,,3.064069984,6.811377725,4.233107497,7.021267057,7.125636194,7.231357847,7.338138588,13.88493039,7.3,7.6,7.2,8.8,9.8,10.7,9.4,12.7,13.8,19.6,15.8,14.1,23.8,18.9,7.7,10.9,21.9,24.2,26.4,28.3,37.1,31.6,33.7,51.4,
